{
  "name": "{{Dataset_Name}}",
  "compatibilityLevel": 1604,
  "model": {
    "name": "{{Dataset_Name}}",
    "culture": "en-US",
    "collation": "Latin1_General_100_BIN2_UTF8",
    "dataAccessOptions": {
      "legacyRedirects": true,
      "returnErrorValuesAsNull": true
    },
    "defaultPowerBIDataSourceVersion": "powerBI_V3",
    "sourceQueryCulture": "en-US",
    "tables": [
      {
        "name": "Temp_employee",
        "sourceLineageTag": "[dbo].[Temp_employee]",
        "columns": [
          {
            "name": "id",
            "dataType": "int64",
            "sourceColumn": "id",
            "formatString": "0",
            "sourceProviderType": "int",
            "sourceLineageTag": "id",
            "summarizeBy": "sum",
            "annotations": [
              {
                "name": "SummarizationSetBy",
                "value": "Automatic"
              }
            ]
          },
          {
            "name": "first_name",
            "dataType": "string",
            "sourceColumn": "first_name",
            "sourceProviderType": "varchar",
            "sourceLineageTag": "first_name",
            "summarizeBy": "none",
            "annotations": [
              {
                "name": "SummarizationSetBy",
                "value": "Automatic"
              }
            ]
          },
          {
            "name": "last_name",
            "dataType": "string",
            "sourceColumn": "last_name",
            "sourceProviderType": "varchar",
            "sourceLineageTag": "last_name",
            "summarizeBy": "none",
            "annotations": [
              {
                "name": "SummarizationSetBy",
                "value": "Automatic"
              }
            ]
          },
          {
            "name": "join_date",
            "dataType": "dateTime",
            "sourceColumn": "join_date",
            "formatString": "General Date",
            "sourceProviderType": "date",
            "sourceLineageTag": "join_date",
            "summarizeBy": "none",
            "annotations": [
              {
                "name": "SummarizationSetBy",
                "value": "Automatic"
              }
            ]
          },
          {
            "name": "dept",
            "dataType": "string",
            "sourceColumn": "dept",
            "sourceProviderType": "varchar",
            "sourceLineageTag": "dept",
            "summarizeBy": "none",
            "annotations": [
              {
                "name": "SummarizationSetBy",
                "value": "Automatic"
              }
            ]
          },
          {
            "name": "full_name",
            "dataType": "string",
            "sourceColumn": "full_name",
            "sourceProviderType": "varchar",
            "sourceLineageTag": "full_name",
            "summarizeBy": "none",
            "annotations": [
              {
                "name": "SummarizationSetBy",
                "value": "Automatic"
              }
            ]
          },
          {
            "name": "Loaded_at",
            "dataType": "dateTime",
            "sourceColumn": "Loaded_at",
            "formatString": "General Date",
            "sourceProviderType": "datetime2",
            "sourceLineageTag": "Loaded_at",
            "summarizeBy": "none",
            "annotations": [
              {
                "name": "SummarizationSetBy",
                "value": "Automatic"
              }
            ]
          }
        ],
        "partitions": [
          {
            "name": "{{Partition_Name}}",
            "mode": "directLake",
            "source": {
              "type": "entity",
              "entityName": "Temp_employee",
              "expressionSource": "DatabaseQuery",
              "schemaName": "dbo"
            }
          }
        ],
        "annotations": [
          {
            "name": "IsTableInBiModel",
            "value": "False"
          }
        ]
      },
      {
        "name": "Temp_leaves",
        "sourceLineageTag": "[dbo].[Temp_leaves]",
        "columns": [
          {
            "name": "id",
            "dataType": "int64",
            "sourceColumn": "id",
            "formatString": "0",
            "sourceProviderType": "int",
            "sourceLineageTag": "id",
            "summarizeBy": "sum",
            "annotations": [
              {
                "name": "SummarizationSetBy",
                "value": "Automatic"
              }
            ]
          },
          {
            "name": "employee_id",
            "dataType": "int64",
            "sourceColumn": "employee_id",
            "formatString": "0",
            "sourceProviderType": "int",
            "sourceLineageTag": "employee_id",
            "summarizeBy": "sum",
            "annotations": [
              {
                "name": "SummarizationSetBy",
                "value": "Automatic"
              }
            ]
          },
          {
            "name": "date",
            "dataType": "dateTime",
            "sourceColumn": "date",
            "formatString": "General Date",
            "sourceProviderType": "date",
            "sourceLineageTag": "date",
            "summarizeBy": "none",
            "annotations": [
              {
                "name": "SummarizationSetBy",
                "value": "Automatic"
              }
            ]
          },
          {
            "name": "type",
            "dataType": "string",
            "sourceColumn": "type",
            "sourceProviderType": "varchar",
            "sourceLineageTag": "type",
            "summarizeBy": "none",
            "annotations": [
              {
                "name": "SummarizationSetBy",
                "value": "Automatic"
              }
            ]
          },
          {
            "name": "Loaded_at",
            "dataType": "dateTime",
            "sourceColumn": "Loaded_at",
            "formatString": "General Date",
            "sourceProviderType": "datetime2",
            "sourceLineageTag": "Loaded_at",
            "summarizeBy": "none",
            "annotations": [
              {
                "name": "SummarizationSetBy",
                "value": "Automatic"
              }
            ]
          }
        ],
        "partitions": [
          {
            "name": "{{Partition_Name}}",
            "mode": "directLake",
            "source": {
              "type": "entity",
              "entityName": "Temp_leaves",
              "expressionSource": "DatabaseQuery",
              "schemaName": "dbo"
            }
          }
        ],
        "annotations": [
          {
            "name": "IsTableInBiModel",
            "value": "False"
          }
        ]
      },
      {
        "name": "Temp_payroll",
        "sourceLineageTag": "[dbo].[Temp_payroll]",
        "columns": [
          {
            "name": "id",
            "dataType": "int64",
            "sourceColumn": "id",
            "formatString": "0",
            "sourceProviderType": "int",
            "sourceLineageTag": "id",
            "summarizeBy": "sum",
            "annotations": [
              {
                "name": "SummarizationSetBy",
                "value": "Automatic"
              }
            ]
          },
          {
            "name": "employee_id",
            "dataType": "int64",
            "sourceColumn": "employee_id",
            "formatString": "0",
            "sourceProviderType": "int",
            "sourceLineageTag": "employee_id",
            "summarizeBy": "sum",
            "annotations": [
              {
                "name": "SummarizationSetBy",
                "value": "Automatic"
              }
            ]
          },
          {
            "name": "month",
            "dataType": "dateTime",
            "sourceColumn": "month",
            "formatString": "General Date",
            "sourceProviderType": "date",
            "sourceLineageTag": "month",
            "summarizeBy": "none",
            "annotations": [
              {
                "name": "SummarizationSetBy",
                "value": "Automatic"
              }
            ]
          },
          {
            "name": "gross",
            "dataType": "int64",
            "sourceColumn": "gross",
            "formatString": "0",
            "sourceProviderType": "int",
            "sourceLineageTag": "gross",
            "summarizeBy": "sum",
            "annotations": [
              {
                "name": "SummarizationSetBy",
                "value": "Automatic"
              }
            ]
          },
          {
            "name": "net",
            "dataType": "int64",
            "sourceColumn": "net",
            "formatString": "0",
            "sourceProviderType": "int",
            "sourceLineageTag": "net",
            "summarizeBy": "sum",
            "annotations": [
              {
                "name": "SummarizationSetBy",
                "value": "Automatic"
              }
            ]
          },
          {
            "name": "tds",
            "dataType": "int64",
            "sourceColumn": "tds",
            "formatString": "0",
            "sourceProviderType": "int",
            "sourceLineageTag": "tds",
            "summarizeBy": "sum",
            "annotations": [
              {
                "name": "SummarizationSetBy",
                "value": "Automatic"
              }
            ]
          },
          {
            "name": "Loaded_at",
            "dataType": "dateTime",
            "sourceColumn": "Loaded_at",
            "formatString": "General Date",
            "sourceProviderType": "datetime2",
            "sourceLineageTag": "Loaded_at",
            "summarizeBy": "none",
            "annotations": [
              {
                "name": "SummarizationSetBy",
                "value": "Automatic"
              }
            ]
          }
        ],
        "partitions": [
          {
            "name": "{{Partition_Name}}",
            "mode": "directLake",
            "source": {
              "type": "entity",
              "entityName": "Temp_payroll",
              "expressionSource": "DatabaseQuery",
              "schemaName": "dbo"
            }
          }
        ],
        "annotations": [
          {
            "name": "IsTableInBiModel",
            "value": "False"
          }
        ]
      },
      {
        "name": "dim_employee",
        "sourceLineageTag": "[dbo].[dim_employee]",
        "columns": [
          {
            "name": "id",
            "dataType": "int64",
            "sourceColumn": "id",
            "formatString": "0",
            "sourceProviderType": "int",
            "sourceLineageTag": "id",
            "summarizeBy": "sum",
            "annotations": [
              {
                "name": "SummarizationSetBy",
                "value": "Automatic"
              }
            ]
          },
          {
            "name": "first_name",
            "dataType": "string",
            "sourceColumn": "first_name",
            "sourceProviderType": "varchar",
            "sourceLineageTag": "first_name",
            "summarizeBy": "none",
            "annotations": [
              {
                "name": "SummarizationSetBy",
                "value": "Automatic"
              }
            ]
          },
          {
            "name": "last_name",
            "dataType": "string",
            "sourceColumn": "last_name",
            "sourceProviderType": "varchar",
            "sourceLineageTag": "last_name",
            "summarizeBy": "none",
            "annotations": [
              {
                "name": "SummarizationSetBy",
                "value": "Automatic"
              }
            ]
          },
          {
            "name": "full_name",
            "dataType": "string",
            "sourceColumn": "full_name",
            "sourceProviderType": "varchar",
            "sourceLineageTag": "full_name",
            "summarizeBy": "none",
            "annotations": [
              {
                "name": "SummarizationSetBy",
                "value": "Automatic"
              }
            ]
          },
          {
            "name": "join_date",
            "dataType": "dateTime",
            "sourceColumn": "join_date",
            "formatString": "General Date",
            "sourceProviderType": "date",
            "sourceLineageTag": "join_date",
            "summarizeBy": "none",
            "annotations": [
              {
                "name": "SummarizationSetBy",
                "value": "Automatic"
              }
            ]
          },
          {
            "name": "dept",
            "dataType": "string",
            "sourceColumn": "dept",
            "sourceProviderType": "varchar",
            "sourceLineageTag": "dept",
            "summarizeBy": "none",
            "annotations": [
              {
                "name": "SummarizationSetBy",
                "value": "Automatic"
              }
            ]
          }
        ],
        "partitions": [
          {
            "name": "{{Partition_Name}}",
            "mode": "directLake",
            "source": {
              "type": "entity",
              "entityName": "dim_employee",
              "expressionSource": "DatabaseQuery",
              "schemaName": "dbo"
            }
          }
        ],
        "annotations": [
          {
            "name": "IsTableInBiModel",
            "value": "False"
          }
        ]
      },
      {
        "name": "fact_leaves",
        "sourceLineageTag": "[dbo].[fact_leaves]",
        "columns": [
          {
            "name": "id",
            "dataType": "int64",
            "sourceColumn": "id",
            "formatString": "0",
            "sourceProviderType": "int",
            "sourceLineageTag": "id",
            "summarizeBy": "sum",
            "annotations": [
              {
                "name": "SummarizationSetBy",
                "value": "Automatic"
              }
            ]
          },
          {
            "name": "employee_id",
            "dataType": "int64",
            "sourceColumn": "employee_id",
            "formatString": "0",
            "sourceProviderType": "int",
            "sourceLineageTag": "employee_id",
            "summarizeBy": "sum",
            "annotations": [
              {
                "name": "SummarizationSetBy",
                "value": "Automatic"
              }
            ]
          },
          {
            "name": "leave_date",
            "dataType": "dateTime",
            "sourceColumn": "leave_date",
            "formatString": "General Date",
            "sourceProviderType": "date",
            "sourceLineageTag": "leave_date",
            "summarizeBy": "none",
            "annotations": [
              {
                "name": "SummarizationSetBy",
                "value": "Automatic"
              }
            ]
          }
        ],
        "partitions": [
          {
            "name": "{{Partition_Name}}",
            "mode": "directLake",
            "source": {
              "type": "entity",
              "entityName": "fact_leaves",
              "expressionSource": "DatabaseQuery",
              "schemaName": "dbo"
            }
          }
        ],
        "annotations": [
          {
            "name": "IsTableInBiModel",
            "value": "False"
          }
        ]
      },
      {
        "name": "fact_payroll",
        "sourceLineageTag": "[dbo].[fact_payroll]",
        "columns": [
          {
            "name": "id",
            "dataType": "int64",
            "sourceColumn": "id",
            "formatString": "0",
            "sourceProviderType": "int",
            "sourceLineageTag": "id",
            "summarizeBy": "sum",
            "annotations": [
              {
                "name": "SummarizationSetBy",
                "value": "Automatic"
              }
            ]
          },
          {
            "name": "employee_id",
            "dataType": "int64",
            "sourceColumn": "employee_id",
            "formatString": "0",
            "sourceProviderType": "int",
            "sourceLineageTag": "employee_id",
            "summarizeBy": "sum",
            "annotations": [
              {
                "name": "SummarizationSetBy",
                "value": "Automatic"
              }
            ]
          },
          {
            "name": "payroll_month",
            "dataType": "dateTime",
            "sourceColumn": "payroll_month",
            "formatString": "General Date",
            "sourceProviderType": "date",
            "sourceLineageTag": "payroll_month",
            "summarizeBy": "none",
            "annotations": [
              {
                "name": "SummarizationSetBy",
                "value": "Automatic"
              }
            ]
          },
          {
            "name": "gross",
            "dataType": "int64",
            "sourceColumn": "gross",
            "formatString": "0",
            "sourceProviderType": "int",
            "sourceLineageTag": "gross",
            "summarizeBy": "sum",
            "annotations": [
              {
                "name": "SummarizationSetBy",
                "value": "Automatic"
              }
            ]
          },
          {
            "name": "net",
            "dataType": "int64",
            "sourceColumn": "net",
            "formatString": "0",
            "sourceProviderType": "int",
            "sourceLineageTag": "net",
            "summarizeBy": "sum",
            "annotations": [
              {
                "name": "SummarizationSetBy",
                "value": "Automatic"
              }
            ]
          },
          {
            "name": "tds",
            "dataType": "int64",
            "sourceColumn": "tds",
            "formatString": "0",
            "sourceProviderType": "int",
            "sourceLineageTag": "tds",
            "summarizeBy": "sum",
            "annotations": [
              {
                "name": "SummarizationSetBy",
                "value": "Automatic"
              }
            ]
          }
        ],
        "partitions": [
          {
            "name": "{{Partition_Name}}",
            "mode": "directLake",
            "source": {
              "type": "entity",
              "entityName": "fact_payroll",
              "expressionSource": "DatabaseQuery",
              "schemaName": "dbo"
            }
          }
        ],
        "annotations": [
          {
            "name": "IsTableInBiModel",
            "value": "False"
          }
        ]
      },
      {
        "name": "fact_payroll_monthly",
        "sourceLineageTag": "[dbo].[fact_payroll_monthly]",
        "columns": [
          {
            "name": "employee_id",
            "dataType": "int64",
            "sourceColumn": "employee_id",
            "formatString": "0",
            "sourceProviderType": "int",
            "sourceLineageTag": "employee_id",
            "summarizeBy": "sum",
            "annotations": [
              {
                "name": "SummarizationSetBy",
                "value": "Automatic"
              }
            ]
          },
          {
            "name": "payroll_month",
            "dataType": "dateTime",
            "sourceColumn": "payroll_month",
            "formatString": "General Date",
            "sourceProviderType": "date",
            "sourceLineageTag": "payroll_month",
            "summarizeBy": "none",
            "annotations": [
              {
                "name": "SummarizationSetBy",
                "value": "Automatic"
              }
            ]
          },
          {
            "name": "total_gross",
            "dataType": "int64",
            "sourceColumn": "total_gross",
            "formatString": "0",
            "sourceProviderType": "int",
            "sourceLineageTag": "total_gross",
            "summarizeBy": "sum",
            "annotations": [
              {
                "name": "SummarizationSetBy",
                "value": "Automatic"
              }
            ]
          },
          {
            "name": "total_net",
            "dataType": "int64",
            "sourceColumn": "total_net",
            "formatString": "0",
            "sourceProviderType": "int",
            "sourceLineageTag": "total_net",
            "summarizeBy": "sum",
            "annotations": [
              {
                "name": "SummarizationSetBy",
                "value": "Automatic"
              }
            ]
          },
          {
            "name": "total_tds",
            "dataType": "int64",
            "sourceColumn": "total_tds",
            "formatString": "0",
            "sourceProviderType": "int",
            "sourceLineageTag": "total_tds",
            "summarizeBy": "sum",
            "annotations": [
              {
                "name": "SummarizationSetBy",
                "value": "Automatic"
              }
            ]
          }
        ],
        "partitions": [
          {
            "name": "{{Partition_Name}}",
            "mode": "directLake",
            "source": {
              "type": "entity",
              "entityName": "fact_payroll_monthly",
              "expressionSource": "DatabaseQuery",
              "schemaName": "dbo"
            }
          }
        ],
        "annotations": [
          {
            "name": "IsTableInBiModel",
            "value": "False"
          }
        ]
      },
      {
        "name": "fact_tds_obligation",
        "sourceLineageTag": "[dbo].[fact_tds_obligation]",
        "columns": [
          {
            "name": "employee_id",
            "dataType": "int64",
            "sourceColumn": "employee_id",
            "formatString": "0",
            "sourceProviderType": "int",
            "sourceLineageTag": "employee_id",
            "summarizeBy": "sum",
            "annotations": [
              {
                "name": "SummarizationSetBy",
                "value": "Automatic"
              }
            ]
          },
          {
            "name": "payroll_month",
            "dataType": "dateTime",
            "sourceColumn": "payroll_month",
            "formatString": "General Date",
            "sourceProviderType": "date",
            "sourceLineageTag": "payroll_month",
            "summarizeBy": "none",
            "annotations": [
              {
                "name": "SummarizationSetBy",
                "value": "Automatic"
              }
            ]
          },
          {
            "name": "total_tds",
            "dataType": "int64",
            "sourceColumn": "total_tds",
            "formatString": "0",
            "sourceProviderType": "int",
            "sourceLineageTag": "total_tds",
            "summarizeBy": "sum",
            "annotations": [
              {
                "name": "SummarizationSetBy",
                "value": "Automatic"
              }
            ]
          }
        ],
        "partitions": [
          {
            "name": "{{Partition_Name}}",
            "mode": "directLake",
            "source": {
              "type": "entity",
              "entityName": "fact_tds_obligation",
              "expressionSource": "DatabaseQuery",
              "schemaName": "dbo"
            }
          }
        ],
        "annotations": [
          {
            "name": "IsTableInBiModel",
            "value": "False"
          }
        ]
      }
    ],
    "expressions": [
      {
        "name": "DatabaseQuery",
        "kind": "m",
        "expression": "let\n    database = {{TDS_Endpoint}}\nin\n    database\n"
      }
    ],
    "annotations": [
      {
        "name": "__PBI_TimeIntelligenceEnabled",
        "value": "0"
      },
      {
        "name": "SourceLineageTagType",
        "value": "DatabaseFullyQualifiedName"
      }
    ]
  }
}